{
   "bezier10": [
      0,
      0.01702660965156294,
      0.06228200013673228,
      0.12957676084535252,
      0.2148609387528934,
      0.31535681257253934,
      0.42911976929631707,
      0.5548140325286629,
      0.6916339333193132,
      0.8394278457624665,
      1
   ],
   "bezier15": [
      0,
      0.00782007995726372,
      0.0293390236876633,
      0.06228200013673228,
      0.1049783604413299,
      0.15616392099284343,
      0.2148609387528934,
      0.2803020479130687,
      0.35188082659975095,
      0.42911976929631707,
      0.5116509972898244,
      0.5992083783010345,
      0.6916339333193132,
      0.7889115885751035,
      0.8912839948207453,
      1
   ],
   "bezier20": [
      0,
      0.004474615295891681,
      0.01702660965156294,
      0.03657746349950493,
      0.06228200013673228,
      0.09346465071882487,
      0.12957676084535252,
      0.17016709234659932,
      0.2148609387528934,
      0.2633450753739825,
      0.31535681257253934,
      0.3706760641730467,
      0.42911976929631707,
      0.4905383291299715,
      0.5548140325286629,
      0.6218618691748903,
      0.6916339333193132,
      0.7641305972652703,
      0.8394278457624665,
      0.917757795957983,
      1
   ],
   "bezier30": [
      0,
      0.0020239648606319768,
      0.00782007995726372,
      0.01702660965156294,
      0.0293390236876633,
      0.044498271375151194,
      0.06228200013673228,
      0.08249786584753849,
      0.1049783604413299,
      0.12957676084535252,
      0.15616392099284343,
      0.18462570805198256,
      0.2148609387528934,
      0.24677971026750695,
      0.2803020479130687,
      0.31535681257253934,
      0.35188082659975095,
      0.3898181898973648,
      0.42911976929631707,
      0.4697428557807101,
      0.5116509972898244,
      0.5548140325286629,
      0.5992083783010345,
      0.6448176690180363,
      0.6916339333193132,
      0.7396596698282697,
      0.7889115885751035,
      0.8394278457624665,
      0.8912839948207453,
      0.9446380181246938,
      1
   ],
   "bezier45": [
      0,
      0.0009103923383695966,
      0.003556069430889595,
      0.00782007995726372,
      0.01359866332445746,
      0.020799282990820255,
      0.0293390236876633,
      0.03914327368156336,
      0.050144632683452074,
      0.06228200013673228,
      0.07549980900727309,
      0.08974737793577349,
      0.1049783604413299,
      0.12115027430245705,
      0.13822409765454097,
      0.15616392099284343,
      0.1749366463475773,
      0.1945117265413762,
      0.2148609387528934,
      0.2359581876707873,
      0.25777933438902895,
      0.2803020479130687,
      0.3035056767532764,
      0.3273711386070447,
      0.35188082659975095,
      0.37701853099110694,
      0.40276937568120996,
      0.42911976929631707,
      0.45605737113056544,
      0.48357107280986206,
      0.5116509972898244,
      0.5402885177939432,
      0.5694763006870556,
      0.5992083783010345,
      0.6294802607879247,
      0.660289100882233,
      0.6916339333193132,
      0.7235160241194232,
      0.7559393892239603,
      0.7889115885751035,
      0.8224449984171239,
      0.8565589862683212,
      0.8912839948207453,
      0.9266704011624851,
      0.9628133017043049,
      1
   ],
   "bezier60": [
      0,
      0.0005152205439511461,
      0.0020239648606319768,
      0.004474615295891681,
      0.00782007995726372,
      0.012017262506543913,
      0.01702660965156294,
      0.022811722884716862,
      0.0293390236876633,
      0.03657746349950493,
      0.044498271375151194,
      0.05307473354809976,
      0.06228200013673228,
      0.07209691505457731,
      0.08249786584753849,
      0.09346465071882487,
      0.1049783604413299,
      0.11702127321763624,
      0.12957676084535252,
      0.14262920479239993,
      0.15616392099284343,
      0.17016709234659932,
      0.18462570805198256,
      0.19952750902353436,
      0.2148609387528934,
      0.23061509906091524,
      0.24677971026750695,
      0.2633450753739825,
      0.2803020479130687,
      0.29764200317566386,
      0.31535681257253934,
      0.33343882093473604,
      0.35188082659975095,
      0.3706760641730467,
      0.3898181898973648,
      0.4093012696073842,
      0.42911976929631707,
      0.44926854837647706,
      0.4697428557807101,
      0.4905383291299715,
      0.5116509972898244,
      0.533077286763106,
      0.5548140325286629,
      0.5768584941533655,
      0.5992083783010345,
      0.6218618691748903,
      0.6448176690180363,
      0.6680750516528533,
      0.6916339333193132,
      0.7154949670367987,
      0.7396596698282697,
      0.7641305972652703,
      0.7889115885751035,
      0.8140081214035761,
      0.8394278457624665,
      0.8651814298165554,
      0.8912839948207453,
      0.917757795957983,
      0.9446380181246938,
      0.9719889503248202,
      1
   ],
   "bezier90": [
      0,
      0.00023039801101696424,
      0.0009103923383695966,
      0.0020239648606319768,
      0.003556069430889595,
      0.00549255216089414,
      0.00782007995726372,
      0.01052607629065893,
      0.01359866332445746,
      0.01702660965156294,
      0.020799282990820255,
      0.024906607281447266,
      0.0293390236876633,
      0.03408745508851346,
      0.03914327368156336,
      0.044498271375151194,
      0.050144632683452074,
      0.05607490987273709,
      0.06228200013673228,
      0.06875912460459145,
      0.07549980900727309,
      0.08249786584753849,
      0.08974737793577349,
      0.09724268316872581,
      0.1049783604413299,
      0.11294921659331442,
      0.12115027430245705,
      0.12957676084535252,
      0.13822409765454097,
      0.14708789060793961,
      0.15616392099284343,
      0.16544813709240713,
      0.1749366463475773,
      0.18462570805198256,
      0.1945117265413762,
      0.20459124484291424,
      0.2148609387528934,
      0.22531761131461187,
      0.2359581876707873,
      0.24677971026750695,
      0.25777933438902895,
      0.26895432400492375,
      0.2803020479130687,
      0.29181997616391797,
      0.3035056767532764,
      0.31535681257253934,
      0.3273711386070447,
      0.3395464993748322,
      0.35188082659975095,
      0.3643721371145281,
      0.37701853099110694,
      0.3898181898973648,
      0.40276937568120996,
      0.4158704291851049,
      0.42911976929631707,
      0.44251589224069043,
      0.45605737113056544,
      0.4697428557807101,
      0.48357107280986206,
      0.4975408260498971,
      0.5116509972898244,
      0.5259005473880601,
      0.5402885177939432,
      0.5548140325286629,
      0.5694763006870556,
      0.5842746195357856,
      0.5992083783010345,
      0.6142770627611127,
      0.6294802607879247,
      0.6448176690180363,
      0.660289100882233,
      0.6758944962860892,
      0.6916339333193132,
      0.7075076424874642,
      0.7235160241194232,
      0.7396596698282697,
      0.7559393892239603,
      0.7723562435447376,
      0.7889115885751035,
      0.8056071302955198,
      0.8224449984171239,
      0.8394278457624665,
      0.8565589862683212,
      0.873842593073169,
      0.8912839948207453,
      0.9088901428620738,
      0.9266704011624851,
      0.9446380181246938,
      0.9628133017043049,
      0.9812324633796986,
      1
   ]
}